"name","ratings","location","description","reviews","range"
"Mumbai Spice","3.8","Boston, MA","Contemporary Indian eatery with a bar","(1.1K)","$20–30"
"Halal Indian Cuisine","3.9","Boston, MA","Simple cafe for tandoori, curries & more","(369)","$10–20"
"Punjab Palace","4.0","Boston, MA","Indian meals plus Bollywood flicks","(707)","$20–30"
"Mela Modern Indian Cuisine","3.8","Boston, MA","Classic Indian cuisine in a modern space","(829)","$20–30"
"Indian Kitchen Allston","4.3","Allston, MA","Dine-in ·","(295)","$10–20"
"Vaisakhi Indian Kitchen","4.3","Boston, MA","Bright eatery for Indian cooking","(408)","$20–30"
"India Pavilion","4.1","Cambridge, MA","Long-standing, casual Indian eatery","(1.1K)","$10–20"
"India Quality Restaurant","3.9","Boston, MA","Humble mainstay for Indian staples","(816)","$20–30"
"Nirvana The Taste of India","4.1","Cambridge, MA","Modern Indian spot with a lunch buffet","(567)","$20–30"
"Shanti","4.2","Boston, MA","Warm space for traditional Indian dining","(661)","$20–30"
"Shan-A-Punjab Boston","3.9","Brookline, MA","Compact bistro for Indian specialties","(554)","$10–20"
"WOW TIKKA","4.5","Boston, MA","Dine-in ·","(183)","$10–20"
"Desi Dhaba","4.1","Cambridge, MA","Dine-in ·","(543)","$10–20"
"Passage To India","3.9","Cambridge, MA","Cozy spot for curries and more","(390)","$20–30"
"Mirchi Nation-Indian Kitchen","4.7","Brookline, MA","Dine-in ·","(565)","$10–20"
"Singh's Dhaba","4.6","Cambridge, MA","Dine-in ·","(241)","$10–20"
"Spice Delight","4.6","Belmont, MA","Dine-in ·","(363)","$20–30"
"Tanjore Bar and Restaurant","4.0","Cambridge, MA","Dine-in ·","(374)","$20–30"
"Chulo - Longwood Galleria","4.1","Boston, MA","Dine-in ·","(18)","$10–20"
"Dosa n Curry","4.2","Somerville, MA","Indian vegetarian fusion fare","(1.8K)","$10–20"
"Mumbai Spice","3.8","Boston, MA","Contemporary Indian eatery with a bar","(1.1K)","$20–30"
"Halal Indian Cuisine","3.9","Boston, MA","Simple cafe for tandoori, curries & more","(369)","$10–20"
"Punjab Palace","4.0","Boston, MA","Indian meals plus Bollywood flicks","(707)","$20–30"
"Mela Modern Indian Cuisine","3.8","Boston, MA","Classic Indian cuisine in a modern space","(829)","$20–30"
"Indian Kitchen Allston","4.3","Allston, MA","Dine-in ·","(295)","$10–20"
"Vaisakhi Indian Kitchen","4.3","Boston, MA","Bright eatery for Indian cooking","(408)","$20–30"
"India Pavilion","4.1","Cambridge, MA","Long-standing, casual Indian eatery","(1.1K)","$10–20"
"India Quality Restaurant","3.9","Boston, MA","Humble mainstay for Indian staples","(816)","$20–30"
"Nirvana The Taste of India","4.1","Cambridge, MA","Modern Indian spot with a lunch buffet","(567)","$20–30"
"Shanti","4.2","Boston, MA","Warm space for traditional Indian dining","(661)","$20–30"
"Shan-A-Punjab Boston","3.9","Brookline, MA","Compact bistro for Indian specialties","(554)","$10–20"
"WOW TIKKA","4.5","Boston, MA","Dine-in ·","(183)","$10–20"
"Desi Dhaba","4.1","Cambridge, MA","Dine-in ·","(543)","$10–20"
"Passage To India","3.9","Cambridge, MA","Cozy spot for curries and more","(390)","$20–30"
"Mirchi Nation-Indian Kitchen","4.7","Brookline, MA","Dine-in ·","(565)","$10–20"
"Singh's Dhaba","4.6","Cambridge, MA","Dine-in ·","(241)","$10–20"
"Spice Delight","4.6","Belmont, MA","Dine-in ·","(363)","$20–30"
"Tanjore Bar and Restaurant","4.0","Cambridge, MA","Dine-in ·","(374)","$20–30"
"Chulo - Longwood Galleria","4.1","Boston, MA","Dine-in ·","(18)","$10–20"
"Dosa n Curry","4.2","Somerville, MA","Indian vegetarian fusion fare","(1.8K)","$10–20"
"Mumbai Spice","3.8","Boston, MA","Contemporary Indian eatery with a bar","(1.1K)","$20–30"
"Halal Indian Cuisine","3.9","Boston, MA","Simple cafe for tandoori, curries & more","(369)","$10–20"
"Punjab Palace","4.0","Boston, MA","Indian meals plus Bollywood flicks","(707)","$20–30"
"Mela Modern Indian Cuisine","3.8","Boston, MA","Classic Indian cuisine in a modern space","(829)","$20–30"
"Indian Kitchen Allston","4.3","Allston, MA","Dine-in ·","(295)","$10–20"
"Vaisakhi Indian Kitchen","4.3","Boston, MA","Bright eatery for Indian cooking","(408)","$20–30"
"India Pavilion","4.1","Cambridge, MA","Long-standing, casual Indian eatery","(1.1K)","$10–20"
"India Quality Restaurant","3.9","Boston, MA","Humble mainstay for Indian staples","(816)","$20–30"
"Nirvana The Taste of India","4.1","Cambridge, MA","Modern Indian spot with a lunch buffet","(567)","$20–30"
"Shanti","4.2","Boston, MA","Warm space for traditional Indian dining","(661)","$20–30"
"Shan-A-Punjab Boston","3.9","Brookline, MA","Compact bistro for Indian specialties","(554)","$10–20"
"WOW TIKKA","4.5","Boston, MA","Dine-in ·","(183)","$10–20"
"Desi Dhaba","4.1","Cambridge, MA","Dine-in ·","(543)","$10–20"
"Passage To India","3.9","Cambridge, MA","Cozy spot for curries and more","(390)","$20–30"
"Mirchi Nation-Indian Kitchen","4.7","Brookline, MA","Dine-in ·","(565)","$10–20"
"Singh's Dhaba","4.6","Cambridge, MA","Dine-in ·","(241)","$10–20"
"Spice Delight","4.6","Belmont, MA","Dine-in ·","(363)","$20–30"
"Tanjore Bar and Restaurant","4.0","Cambridge, MA","Dine-in ·","(374)","$20–30"
"Chulo - Longwood Galleria","4.1","Boston, MA","Dine-in ·","(18)","$10–20"
"Dosa n Curry","4.2","Somerville, MA","Indian vegetarian fusion fare","(1.8K)","$10–20"
"Grand India - Brookline","4.9","Brookline, MA","","(40)","$20–30"
"Singh's Dhaba","4.6","Cambridge, MA","","(241)","$10–20"
"WOW TIKKA","4.5","Boston, MA","","(183)","$10–20"
"Mirchi Nation-Indian Kitchen","4.7","Brookline, MA","","(565)","$10–20"
"Minerva Indian Cuisine","4.6","Norwood, MA","","(1.3K)","$10–20"
"Punjab Palace","4.0","Boston, MA","","(707)","$20–30"
"Himalayan Kitchen","4.7","Somerville, MA","","(1.2K)","$20–30"
"Shiva's Kitchen","4.6","Newton Highlands, MA","","(96)","$20–30"
"Desi Dhaba","4.1","Cambridge, MA","","(543)","$10–20"
"Shanti","4.2","Boston, MA","","(661)","$20–30"
"Mumbai Spice","3.8","Boston, MA","","(1.1K)","$20–30"
"Punjab","4.3","Arlington, MA","","(655)","$20–30"
"Momo Masala","4.6","Boston, MA","","(56)","$10–20"
"The Maharaja","4.2","Cambridge, MA","","(1.9K)","$30–50"
"Spice Delight","4.6","Belmont, MA","","(363)","$20–30"
"Chulo - Longwood Galleria","4.1","Boston, MA","","(18)","$10–20"
"India Pavilion","4.1","Cambridge, MA","","(1.1K)","$10–20"
"Punjab Express","4.0","Cambridge, MA","","(115)","$20–30"
"Lakshmi Indian Cuisine","5.0","Roxbury, MA","","(4)","$10–20"
"Tikki Masala","4.1","Jamaica Plain, MA","","(392)","$20–30"
"Mumbai Spice","3.8","Boston, MA","Contemporary Indian eatery with a bar","(1.1K)","$20–30"
"Halal Indian Cuisine","3.9","Boston, MA","Simple cafe for tandoori, curries & more","(369)","$10–20"
"Punjab Palace","4.0","Boston, MA","Indian meals plus Bollywood flicks","(707)","$20–30"
"Mela Modern Indian Cuisine","3.8","Boston, MA","Classic Indian cuisine in a modern space","(829)","$20–30"
"Indian Kitchen Allston","4.3","Allston, MA","Dine-in ·","(295)","$10–20"
"Vaisakhi Indian Kitchen","4.3","Boston, MA","Bright eatery for Indian cooking","(408)","$20–30"
"India Pavilion","4.1","Cambridge, MA","Long-standing, casual Indian eatery","(1.1K)","$10–20"
"India Quality Restaurant","3.9","Boston, MA","Humble mainstay for Indian staples","(816)","$20–30"
"Nirvana The Taste of India","4.1","Cambridge, MA","Modern Indian spot with a lunch buffet","(567)","$20–30"
"Shanti","4.2","Boston, MA","Warm space for traditional Indian dining","(661)","$20–30"
"Shan-A-Punjab Boston","3.9","Brookline, MA","Compact bistro for Indian specialties","(554)","$10–20"
"WOW TIKKA","4.5","Boston, MA","Dine-in ·","(183)","$10–20"
"Desi Dhaba","4.1","Cambridge, MA","Dine-in ·","(543)","$10–20"
"Passage To India","3.9","Cambridge, MA","Cozy spot for curries and more","(390)","$20–30"
"Mirchi Nation-Indian Kitchen","4.7","Brookline, MA","Dine-in ·","(565)","$10–20"
"Singh's Dhaba","4.6","Cambridge, MA","Dine-in ·","(241)","$10–20"
"Spice Delight","4.6","Belmont, MA","Dine-in ·","(363)","$20–30"
"Tanjore Bar and Restaurant","4.0","Cambridge, MA","Dine-in ·","(374)","$20–30"
"Chulo - Longwood Galleria","4.1","Boston, MA","Dine-in ·","(18)","$10–20"
"Dosa n Curry","4.2","Somerville, MA","Indian vegetarian fusion fare","(1.8K)","$10–20"
"Mumbai Spice","3.8","Boston, MA","","(1.1K)","$20–30"
"Halal Indian Cuisine","3.9","Boston, MA","","(369)","$10–20"
"Punjab Palace","4.0","Boston, MA","","(707)","$20–30"
"Mela Modern Indian Cuisine","3.8","Boston, MA","","(829)","$20–30"
"Indian Kitchen Allston","4.3","Allston, MA","","(295)","$10–20"
"Vaisakhi Indian Kitchen","4.3","Boston, MA","","(408)","$20–30"
"India Pavilion","4.1","Cambridge, MA","","(1.1K)","$10–20"
"India Quality Restaurant","3.9","Boston, MA","","(816)","$20–30"
"Nirvana The Taste of India","4.1","Cambridge, MA","","(567)","$20–30"
"Shanti","4.2","Boston, MA","","(661)","$20–30"
"Shan-A-Punjab Boston","3.9","Brookline, MA","","(554)","$10–20"
"WOW TIKKA","4.5","Boston, MA","","(183)","$10–20"
"Desi Dhaba","4.1","Cambridge, MA","","(543)","$10–20"
"Passage To India","3.9","Cambridge, MA","","(390)","$20–30"
"Mirchi Nation-Indian Kitchen","4.7","Brookline, MA","","(565)","$10–20"
"Singh's Dhaba","4.6","Cambridge, MA","","(241)","$10–20"
"Spice Delight","4.6","Belmont, MA","","(363)","$20–30"
"Tanjore Bar and Restaurant","4.0","Cambridge, MA","","(374)","$20–30"
"Chulo - Longwood Galleria","4.1","Boston, MA","","(18)","$10–20"
"Dosa n Curry","4.2","Somerville, MA","","(1.8K)","$10–20"
"Grand India - Brookline","4.9","Brookline, MA","","(40)","$20–30"
"Singh's Dhaba","4.6","Cambridge, MA","Dine-in ·","(241)","$10–20"
"WOW TIKKA","4.5","Boston, MA","Dine-in ·","(183)","$10–20"
"Mirchi Nation-Indian Kitchen","4.7","Brookline, MA","Dine-in ·","(565)","$10–20"
"Minerva Indian Cuisine","4.6","Norwood, MA","Simple restaurant with a lunch buffet","(1.3K)","$10–20"
"Punjab Palace","4.0","Boston, MA","Indian meals plus Bollywood flicks","(707)","$20–30"
"Himalayan Kitchen","4.7","Somerville, MA","Nepalese & Indian food counter.","(1.2K)","$20–30"
"Shiva's Kitchen","4.6","Newton Highlands, MA","Dine-in ·","(96)","$20–30"
"Desi Dhaba","4.1","Cambridge, MA","Dine-in ·","(543)","$10–20"
"Shanti","4.2","Boston, MA","Warm space for traditional Indian dining","(661)","$20–30"
"Mumbai Spice","3.8","Boston, MA","Contemporary Indian eatery with a bar","(1.1K)","$20–30"
"Punjab","4.3","Arlington, MA","Indian cuisine in a polished setting","(655)","$20–30"
"Momo Masala","4.6","Boston, MA","","(56)","$10–20"
"The Maharaja","4.2","Cambridge, MA","Indian favorites & panoramic windows","(1.9K)","$30–50"
"Spice Delight","4.6","Belmont, MA","Dine-in ·","(363)","$20–30"
"Chulo - Longwood Galleria","4.1","Boston, MA","Dine-in ·","(18)","$10–20"
"India Pavilion","4.1","Cambridge, MA","Long-standing, casual Indian eatery","(1.1K)","$10–20"
"Punjab Express","4.0","Cambridge, MA","Dine-in ·","(115)","$20–30"
"Lakshmi Indian Cuisine","5.0","Roxbury, MA","Curbside pickup ·","(4)","$10–20"
"Tikki Masala","4.1","Jamaica Plain, MA","Classic Indian cuisine in a casual space","(392)","$20–30"
